"","etfruit","eatveg","cgtsmok","alcfreq","slprl","paccnois","bmi","dosprt","hltprhc"
"3852",4,3,3,4,2,0,18.9865907203038,0,0
"5367",3,4,1,2,3,0,22.3756799506192,0,1
"8757",5,3,1,1,4,0,22.6940189315895,7,0
"15210",3,3,6,6,2,0,24.3417582863402,1,0
"18517",5,4,2,7,1,0,21.2585034013605,3,0
"22995",2,2,1,2,4,0,27.9903628117914,0,0
"26527",2,3,5,4,1,0,27.681660899654,4,0
"26993",2,3,6,3,1,0,20.4381655849977,2,0
"37216",6,4,1,1,1,0,26.0145681581686,0,1
