query_index,cf_id,etfruit,eatveg,cgtsmok,alcfreq,slprl,paccnois,bmi,dosprt
26993,original,2.0,3.0,6.0,3.0,1.0,0.0,20.4381655849977,2.0
5367,original,3.0,4.0,1.0,2.0,3.0,0.0,22.3756799506192,0.0
8757,original,5.0,3.0,1.0,1.0,4.0,0.0,22.6940189315895,7.0
37216,original,6.0,4.0,1.0,1.0,1.0,0.0,26.0145681581686,0.0
26527,original,2.0,3.0,5.0,4.0,1.0,0.0,27.681660899654,4.0
15210,original,3.0,3.0,6.0,6.0,2.0,0.0,24.3417582863402,1.0
18517,original,5.0,4.0,2.0,7.0,1.0,0.0,21.2585034013605,3.0
3852,original,4.0,3.0,3.0,4.0,2.0,0.0,18.9865907203038,0.0
22995,original,2.0,2.0,1.0,2.0,4.0,0.0,27.9903628117914,0.0
